project_country,number_of_projects,total_cost,average_cost_per_project
Indonesia,28,38937.35,1390.6196428571427
Malaysia,13,3370.05188576412,259.23476044339384
Singapore,10,227.81,22.781
Thailand,6,17918.03,2986.338333333333
Vietnam,4,23330.88,5832.72
Philippines,3,1190.48,396.82666666666665
Cambodia,2,25.87,12.935
Myanmar,2,6000.0,3000.0
Laos,1,0.0,0.0
